epoch,time,train/box_loss,train/cls_loss,train/dfl_loss,train/kd_loss,metrics/precision(B),metrics/recall(B),metrics/mAP50(B),metrics/mAP50-95(B),val/box_loss,val/cls_loss,val/dfl_loss,lr/pg0,lr/pg1,lr/pg2
1,50.1454,2.60601,4.18117,0.02589,1.87019,0.64759,0.13525,0.14921,0.05893,2.40103,4.44707,0.03861,0.000233897,0.000233897,0.000233897
2,81.6047,2.06551,2.16282,0.01689,1.47456,0.69002,0.45082,0.49056,0.23059,2.04228,1.62472,0.02789,0.000467225,0.000467225,0.000467225
3,111.326,1.98589,1.87054,0.01582,1.3136,0.69154,0.5001,0.54366,0.25656,2.02192,1.4988,0.02798,0.000695841,0.000695841,0.000695841
4,141.339,1.87335,1.65659,0.01412,1.23277,0.54755,0.57042,0.57594,0.27688,1.99171,1.41041,0.02793,0.000692794,0.000692794,0.000692794
5,171.511,1.86468,1.54977,0.01421,1.16926,0.48649,0.60927,0.6099,0.30467,1.97583,1.32398,0.02657,0.000685726,0.000685726,0.000685726
6,200.122,1.82723,1.45366,0.01347,1.12473,0.6156,0.67509,0.69562,0.35384,1.91722,1.13897,0.02405,0.000678657,0.000678657,0.000678657
7,232.664,1.76532,1.44448,0.01362,1.09614,0.59951,0.6428,0.67644,0.3436,1.90198,1.2284,0.02418,0.000671588,0.000671588,0.000671588
8,264.045,1.80175,1.39341,0.01308,1.0635,0.62513,0.61001,0.65019,0.3267,2.00339,1.2214,0.02629,0.00066452,0.00066452,0.00066452
9,297.652,1.76068,1.31989,0.01285,1.04608,0.54242,0.58665,0.6171,0.31572,1.91873,1.32078,0.02507,0.000657451,0.000657451,0.000657451
10,328.577,1.71779,1.26401,0.01284,1.0236,0.59811,0.60969,0.65277,0.34192,1.93889,1.20466,0.02469,0.000650383,0.000650383,0.000650383
11,358.981,1.7145,1.26546,0.01223,0.99978,0.77993,0.63009,0.69356,0.34319,1.88574,1.21223,0.02211,0.000643314,0.000643314,0.000643314
12,388.55,1.70135,1.20825,0.01211,0.9851,0.60934,0.62688,0.63012,0.31283,1.9874,1.28221,0.02565,0.000636245,0.000636245,0.000636245
13,419.534,1.66875,1.16802,0.01242,0.96869,0.55432,0.63102,0.62336,0.30744,1.96288,1.30549,0.02389,0.000629177,0.000629177,0.000629177
14,450.343,1.65466,1.1611,0.01167,0.94714,0.56493,0.68065,0.65617,0.34632,1.87471,1.22997,0.02338,0.000622108,0.000622108,0.000622108
15,479.506,1.64311,1.1614,0.01192,0.93281,0.72206,0.63187,0.69031,0.34293,1.96922,1.25025,0.02609,0.00061504,0.00061504,0.00061504
16,507.936,1.63053,1.11057,0.01197,0.91806,0.62691,0.64101,0.68497,0.3479,1.94243,1.20678,0.02397,0.000607971,0.000607971,0.000607971
17,538.291,1.63803,1.14922,0.01152,0.90739,0.70243,0.62376,0.68561,0.35827,1.9023,1.22674,0.02454,0.000600902,0.000600902,0.000600902
18,568.468,1.63544,1.15642,0.01169,0.89725,0.7604,0.64451,0.68517,0.36574,1.89051,1.12396,0.02301,0.000593834,0.000593834,0.000593834
19,601.84,1.63048,1.10732,0.01184,0.88247,0.62622,0.67704,0.67817,0.32785,1.98195,1.23517,0.02463,0.000586765,0.000586765,0.000586765
20,633.284,1.59352,1.12169,0.01119,0.86486,0.75414,0.6269,0.67182,0.33883,1.92481,1.19275,0.02468,0.000579697,0.000579697,0.000579697
21,663.61,1.60305,1.09493,0.01127,0.86147,0.65817,0.64461,0.68683,0.34494,1.97433,1.20156,0.02507,0.000572628,0.000572628,0.000572628
22,693.496,1.56178,1.0404,0.01096,0.84757,0.78437,0.61496,0.66566,0.35366,1.93123,1.15638,0.02512,0.000565559,0.000565559,0.000565559
23,723.81,1.57088,1.03544,0.01121,0.83871,0.63594,0.6729,0.69157,0.33496,1.94124,1.19772,0.02517,0.000558491,0.000558491,0.000558491
24,754.774,1.57649,1.04754,0.01088,0.82733,0.66244,0.65734,0.66997,0.35029,1.93213,1.16726,0.02388,0.000551422,0.000551422,0.000551422
25,786.398,1.57299,1.03961,0.01083,0.81792,0.68091,0.67307,0.67723,0.36371,1.8828,1.14165,0.0238,0.000544354,0.000544354,0.000544354
26,817.377,1.5393,1.02106,0.01038,0.8099,0.65923,0.68401,0.69676,0.37008,1.86754,1.11805,0.02393,0.000537285,0.000537285,0.000537285
27,847.479,1.55101,1.02866,0.01073,0.80424,0.63339,0.66709,0.67904,0.35703,1.87633,1.20845,0.02324,0.000530216,0.000530216,0.000530216
28,877.178,1.54225,1.01562,0.01059,0.79139,0.65247,0.6312,0.66222,0.35432,1.90539,1.1491,0.02453,0.000523148,0.000523148,0.000523148
29,907.082,1.516,0.95819,0.01067,0.78371,0.61614,0.64916,0.6667,0.3527,1.88917,1.12884,0.02385,0.000516079,0.000516079,0.000516079
30,936.777,1.55163,1.00052,0.01055,0.77757,0.77336,0.62177,0.66147,0.35452,1.90103,1.19722,0.02296,0.000509011,0.000509011,0.000509011
31,966.131,1.53484,0.97098,0.01035,0.76565,0.62204,0.66664,0.66392,0.35144,1.88568,1.17589,0.02351,0.000501942,0.000501942,0.000501942
32,994.756,1.50306,0.95859,0.01045,0.76449,0.64449,0.61817,0.66233,0.34712,1.94453,1.19133,0.02498,0.000494873,0.000494873,0.000494873
33,1022.98,1.50512,0.93947,0.01024,0.75608,0.73418,0.61949,0.67298,0.36117,1.9377,1.10279,0.02482,0.000487805,0.000487805,0.000487805
34,1051.86,1.51403,0.94682,0.01031,0.75453,0.6812,0.60434,0.64881,0.35266,1.91992,1.17866,0.02374,0.000480736,0.000480736,0.000480736
35,1081.04,1.50735,0.93216,0.01004,0.74257,0.651,0.63434,0.65584,0.34487,1.93724,1.19097,0.02417,0.000473668,0.000473668,0.000473668
36,1110.58,1.49388,0.93441,0.01005,0.73671,0.60434,0.61476,0.65135,0.34474,1.93317,1.22196,0.02361,0.000466599,0.000466599,0.000466599
37,1139.92,1.47932,0.91113,0.01004,0.72854,0.66402,0.65263,0.67956,0.36734,1.87247,1.14116,0.02309,0.00045953,0.00045953,0.00045953
38,1169.58,1.49444,0.94664,0.01006,0.72583,0.70387,0.58873,0.62635,0.34616,1.88893,1.21556,0.02331,0.000452462,0.000452462,0.000452462
39,1198.72,1.47064,0.88767,0.01009,0.72245,0.72812,0.60788,0.63137,0.33176,1.89883,1.35979,0.02452,0.000445393,0.000445393,0.000445393
40,1228.28,1.4813,0.89475,0.00994,0.71778,0.65037,0.59956,0.60801,0.33394,1.96031,1.27531,0.02543,0.000438325,0.000438325,0.000438325
41,1257.84,1.45669,0.88316,0.00987,0.71308,0.70466,0.64665,0.65163,0.34367,1.92468,1.21667,0.02365,0.000431256,0.000431256,0.000431256
42,1288.22,1.47957,0.88322,0.01016,0.7059,0.7555,0.59425,0.66539,0.3434,1.94493,1.17155,0.02521,0.000424187,0.000424187,0.000424187
43,1318.8,1.47007,0.90137,0.00985,0.69472,0.66268,0.68331,0.66373,0.35835,1.90833,1.15669,0.02411,0.000417119,0.000417119,0.000417119
44,1348.72,1.43432,0.87513,0.00981,0.69883,0.60818,0.65384,0.65111,0.36491,1.91429,1.14635,0.02444,0.00041005,0.00041005,0.00041005
45,1378.43,1.42498,0.87372,0.00938,0.68988,0.72205,0.61295,0.65968,0.35326,1.97059,1.21068,0.02514,0.000402982,0.000402982,0.000402982
46,1408.32,1.41848,0.86555,0.00955,0.68762,0.71809,0.6061,0.64616,0.34238,1.96254,1.22531,0.02447,0.000395913,0.000395913,0.000395913
47,1438.09,1.432,0.8604,0.00947,0.68222,0.6591,0.62524,0.64976,0.3469,1.90893,1.29148,0.02435,0.000388844,0.000388844,0.000388844
48,1467.53,1.43257,0.8429,0.00965,0.67855,0.71285,0.63403,0.64878,0.34701,1.90343,1.22546,0.02381,0.000381776,0.000381776,0.000381776
49,1497.56,1.41445,0.82199,0.0096,0.67695,0.60666,0.64842,0.6616,0.34223,1.91471,1.176,0.02347,0.000374707,0.000374707,0.000374707
50,1527.54,1.42001,0.85031,0.00951,0.66674,0.70492,0.65431,0.6631,0.36126,1.8802,1.22995,0.02335,0.000367639,0.000367639,0.000367639
51,1557.95,1.40989,0.84363,0.00952,0.66539,0.72962,0.6514,0.68758,0.36541,1.87842,1.19242,0.02327,0.00036057,0.00036057,0.00036057
52,1588.97,1.40086,0.83876,0.00927,0.6622,0.70868,0.60974,0.67544,0.35565,1.9314,1.07208,0.02481,0.000353501,0.000353501,0.000353501
53,1619.54,1.41076,0.80861,0.00911,0.65538,0.68966,0.65375,0.67065,0.35274,1.94191,1.15602,0.02429,0.000346433,0.000346433,0.000346433
54,1651.19,1.39588,0.8166,0.00906,0.65625,0.78296,0.63733,0.66598,0.36054,1.92376,1.13554,0.02354,0.000339364,0.000339364,0.000339364
55,1684.35,1.39622,0.81976,0.00944,0.65032,0.79368,0.63048,0.6953,0.36856,1.92822,1.14779,0.02361,0.000332296,0.000332296,0.000332296
56,1717.9,1.36928,0.79864,0.0087,0.64316,0.76389,0.66946,0.68486,0.36063,1.9561,1.17168,0.02491,0.000325227,0.000325227,0.000325227
57,1750.8,1.3619,0.80138,0.00884,0.64455,0.76172,0.61575,0.67562,0.36037,1.96143,1.17117,0.02451,0.000318158,0.000318158,0.000318158
58,1785,1.38122,0.79833,0.00905,0.64271,0.61238,0.66204,0.66207,0.34621,1.9773,1.20012,0.02442,0.00031109,0.00031109,0.00031109
59,1819.52,1.38616,0.81875,0.00883,0.63489,0.73217,0.64371,0.66796,0.35263,1.93694,1.22459,0.02366,0.000304021,0.000304021,0.000304021
60,1853.6,1.36623,0.80729,0.00888,0.63084,0.63895,0.68115,0.68157,0.36033,1.94736,1.15012,0.02356,0.000296953,0.000296953,0.000296953
61,1888.04,1.36502,0.77987,0.00893,0.63648,0.76314,0.58299,0.6483,0.34685,1.93697,1.21703,0.02329,0.000289884,0.000289884,0.000289884
62,1921.44,1.35763,0.79363,0.00888,0.63231,0.66111,0.65757,0.68101,0.36767,1.91291,1.15534,0.02358,0.000282815,0.000282815,0.000282815
63,1958.48,1.34166,0.76549,0.00861,0.62997,0.64572,0.64488,0.67357,0.36332,1.94178,1.11874,0.02361,0.000275747,0.000275747,0.000275747
64,1996.38,1.33568,0.76142,0.0086,0.62652,0.66416,0.64148,0.67083,0.35746,1.9647,1.10246,0.02461,0.000268678,0.000268678,0.000268678
65,2034.48,1.32423,0.75743,0.00857,0.62115,0.713,0.67932,0.69193,0.35769,1.94982,1.09287,0.02366,0.00026161,0.00026161,0.00026161
66,2068.48,1.31832,0.74949,0.00874,0.62183,0.74616,0.65987,0.6789,0.36764,1.89008,1.21783,0.02331,0.000254541,0.000254541,0.000254541
67,2102.14,1.32755,0.75717,0.00817,0.61483,0.6628,0.65573,0.67445,0.36087,1.89937,1.19379,0.02352,0.000247472,0.000247472,0.000247472
68,2136.26,1.33195,0.76971,0.00866,0.61825,0.66014,0.67474,0.68976,0.381,1.89203,1.13168,0.02331,0.000240404,0.000240404,0.000240404
69,2171.43,1.31312,0.74676,0.0083,0.61139,0.72615,0.6711,0.69443,0.37456,1.93223,1.10411,0.02414,0.000233335,0.000233335,0.000233335
70,2208.43,1.29226,0.72128,0.00861,0.61135,0.78751,0.67779,0.68489,0.36187,1.93843,1.14605,0.0238,0.000226267,0.000226267,0.000226267
71,2241.4,1.31017,0.73383,0.00844,0.60953,0.67353,0.66404,0.66514,0.35622,1.95447,1.16473,0.02424,0.000219198,0.000219198,0.000219198
72,2273.85,1.30768,0.72606,0.00827,0.60594,0.62718,0.66095,0.64561,0.34596,1.95878,1.18377,0.02452,0.000212129,0.000212129,0.000212129
73,2306.28,1.31247,0.74653,0.00853,0.60173,0.77371,0.63085,0.67103,0.36763,1.90073,1.20434,0.02352,0.000205061,0.000205061,0.000205061
74,2339.78,1.29899,0.74008,0.00828,0.6043,0.63877,0.64604,0.64554,0.35417,1.91902,1.15461,0.02397,0.000197992,0.000197992,0.000197992
75,2371.78,1.3058,0.74355,0.00847,0.60115,0.71897,0.67753,0.67974,0.35834,1.91337,1.16007,0.02404,0.000190924,0.000190924,0.000190924
76,2404.76,1.27785,0.72887,0.00811,0.5967,0.75807,0.6448,0.6805,0.37366,1.91336,1.11218,0.02363,0.000183855,0.000183855,0.000183855
77,2438.42,1.28847,0.73522,0.00818,0.59522,0.82986,0.62376,0.69162,0.37767,1.89167,1.13962,0.02367,0.000176786,0.000176786,0.000176786
78,2471.81,1.2683,0.71905,0.00806,0.59718,0.65377,0.65037,0.65613,0.35465,1.91355,1.14815,0.02381,0.000169718,0.000169718,0.000169718
79,2505.6,1.28752,0.7494,0.00807,0.59426,0.79331,0.61892,0.68208,0.36962,1.90733,1.16113,0.02349,0.000162649,0.000162649,0.000162649
80,2537.83,1.28317,0.72438,0.00806,0.58982,0.75892,0.6548,0.69202,0.36753,1.9225,1.13552,0.02367,0.000155581,0.000155581,0.000155581
81,2570.58,1.25833,0.70271,0.00789,0.59381,0.75322,0.65495,0.67359,0.36943,1.90866,1.21308,0.02325,0.000148512,0.000148512,0.000148512
82,2603.48,1.24876,0.71662,0.00801,0.58745,0.69002,0.67552,0.68105,0.36144,1.95053,1.10378,0.02446,0.000141443,0.000141443,0.000141443
83,2636.51,1.27154,0.71936,0.00799,0.58266,0.65679,0.65764,0.65922,0.35613,1.93571,1.16426,0.02439,0.000134375,0.000134375,0.000134375
84,2669.22,1.22946,0.68073,0.00803,0.58809,0.74494,0.62131,0.65729,0.35116,1.93426,1.19677,0.02381,0.000127306,0.000127306,0.000127306
85,2703.16,1.27005,0.7034,0.00793,0.58346,0.77128,0.6296,0.66574,0.35483,1.93819,1.17385,0.02385,0.000120238,0.000120238,0.000120238
86,2735.58,1.23128,0.66868,0.00794,0.58523,0.72433,0.67317,0.67231,0.35904,1.94967,1.23769,0.02438,0.000113169,0.000113169,0.000113169
87,2767.47,1.23633,0.69965,0.00795,0.58575,0.77996,0.64012,0.66304,0.35881,1.94977,1.22369,0.02389,0.0001061,0.0001061,0.0001061
88,2799.56,1.26114,0.70643,0.0079,0.58291,0.76377,0.62199,0.64753,0.35667,1.9231,1.28305,0.02339,9.90318e-05,9.90318e-05,9.90318e-05
89,2832.28,1.24963,0.71133,0.00776,0.58071,0.8037,0.6252,0.66701,0.35779,1.95313,1.2383,0.02407,9.19632e-05,9.19632e-05,9.19632e-05
90,2864.9,1.23336,0.6893,0.00777,0.58289,0.71797,0.66737,0.67045,0.35608,1.9728,1.20565,0.02473,8.48946e-05,8.48946e-05,8.48946e-05
91,2909.93,1.32871,0.65982,0.01084,0.57619,0.71708,0.6541,0.66876,0.34791,1.98795,1.21668,0.02448,7.7826e-05,7.7826e-05,7.7826e-05
92,2942.2,1.2151,0.59165,0.00924,0.54446,0.67702,0.6994,0.68944,0.36708,1.98286,1.15313,0.02472,7.07574e-05,7.07574e-05,7.07574e-05
93,2974.21,1.18652,0.58456,0.00886,0.53985,0.69788,0.67155,0.68337,0.36586,1.96101,1.17328,0.02394,6.36888e-05,6.36888e-05,6.36888e-05
94,3006.19,1.17796,0.5574,0.00878,0.53593,0.68483,0.67321,0.68439,0.36328,1.96004,1.14057,0.02391,5.66202e-05,5.66202e-05,5.66202e-05
95,3038.55,1.17787,0.57315,0.00872,0.53387,0.68986,0.6921,0.69834,0.36593,1.9555,1.13848,0.02384,4.95516e-05,4.95516e-05,4.95516e-05
96,3071.19,1.16047,0.57376,0.00881,0.53131,0.70222,0.69589,0.70576,0.37499,1.94658,1.15003,0.02379,4.2483e-05,4.2483e-05,4.2483e-05
97,3103.16,1.14032,0.55274,0.00833,0.53009,0.71019,0.67405,0.69577,0.37277,1.93518,1.14769,0.02342,3.54144e-05,3.54144e-05,3.54144e-05
98,3135.68,1.15908,0.54839,0.00864,0.52865,0.68685,0.68012,0.6937,0.37574,1.94412,1.13551,0.02377,2.83458e-05,2.83458e-05,2.83458e-05
99,3169.29,1.13822,0.52759,0.00831,0.52735,0.6945,0.67257,0.6958,0.37364,1.94571,1.11939,0.02393,2.12772e-05,2.12772e-05,2.12772e-05
100,3202.18,1.1506,0.56,0.00857,0.52676,0.67748,0.68012,0.68998,0.37456,1.94286,1.12543,0.02384,1.42086e-05,1.42086e-05,1.42086e-05
