epoch,time,train/box_loss,train/cls_loss,train/dfl_loss,train/kd_loss,metrics/precision(B),metrics/recall(B),metrics/mAP50(B),metrics/mAP50-95(B),val/box_loss,val/cls_loss,val/dfl_loss,lr/pg0,lr/pg1,lr/pg2,lr/pg3,lr/pg4,lr/pg5,lr/pg6,lr/pg7
1,584.294,1.01139,2.4259,1.27708,6.14466,0.62612,0.60449,0.62826,0.4112,1.09264,1.34635,1.3032,0.00999034,0.00333011,0.00999034,0.00333011,0.00999034,0.00333011,0.00999034,0.00333011
2,1100.55,1.12706,1.91952,1.36901,4.97522,0.60796,0.53178,0.55281,0.34307,1.20997,1.53907,1.41991,0.0197924,0.00659748,0.0197924,0.00659748,0.0197924,0.00659748,0.0197924,0.00659748
3,1560.57,1.2416,2.08667,1.47621,4.3829,0.46156,0.37889,0.37062,0.21109,1.41907,2.01523,1.63588,0.0293965,0.00979884,0.0293965,0.00979884,0.0293965,0.00979884,0.0293965,0.00979884
4,2001.58,1.28479,2.0837,1.52091,3.45949,0.53456,0.48322,0.49267,0.29834,1.3084,1.68653,1.55175,0.029109,0.009703,0.029109,0.009703,0.029109,0.009703,0.029109,0.009703
5,2437.73,1.22513,1.86966,1.47091,2.48889,0.59285,0.53949,0.55119,0.34312,1.22685,1.50259,1.45846,0.028812,0.009604,0.028812,0.009604,0.028812,0.009604,0.028812,0.009604
6,2846.69,1.18785,1.73996,1.44022,1.88845,0.65348,0.56847,0.61874,0.40149,1.17497,1.37576,1.42202,0.028515,0.009505,0.028515,0.009505,0.028515,0.009505,0.028515,0.009505
7,3295.23,1.15504,1.64941,1.41953,1.5632,0.65207,0.57879,0.62942,0.41265,1.16478,1.31752,1.39985,0.028218,0.009406,0.028218,0.009406,0.028218,0.009406,0.028218,0.009406
8,3727.56,1.12867,1.58273,1.39641,1.38626,0.68105,0.61773,0.67011,0.45099,1.11867,1.2152,1.35518,0.027921,0.009307,0.027921,0.009307,0.027921,0.009307,0.027921,0.009307
9,4158.65,1.10466,1.51655,1.37531,1.2779,0.69085,0.62663,0.68314,0.46743,1.11269,1.19694,1.3519,0.027624,0.009208,0.027624,0.009208,0.027624,0.009208,0.027624,0.009208
10,4638.35,1.09681,1.48363,1.37142,1.226,0.72172,0.62854,0.70102,0.47971,1.09841,1.13043,1.34002,0.027327,0.009109,0.027327,0.009109,0.027327,0.009109,0.027327,0.009109
11,5086.24,1.08453,1.4476,1.359,1.18328,0.70354,0.63616,0.69641,0.47969,1.0885,1.13935,1.32315,0.02703,0.00901,0.02703,0.00901,0.02703,0.00901,0.02703,0.00901
12,5556.14,1.06406,1.41123,1.34451,1.1503,0.71772,0.64948,0.71443,0.49314,1.07616,1.09078,1.31688,0.026733,0.008911,0.026733,0.008911,0.026733,0.008911,0.026733,0.008911
13,6035.89,1.05378,1.38036,1.33994,1.1317,0.73126,0.63132,0.7113,0.48972,1.06954,1.09759,1.32323,0.026436,0.008812,0.026436,0.008812,0.026436,0.008812,0.026436,0.008812
14,6503.7,1.04254,1.35998,1.33001,1.10902,0.75009,0.65324,0.73509,0.51474,1.03896,1.03491,1.28761,0.026139,0.008713,0.026139,0.008713,0.026139,0.008713,0.026139,0.008713
15,6986.14,1.04396,1.34356,1.32923,1.09207,0.7267,0.66504,0.7336,0.51663,1.03104,1.02307,1.27763,0.025842,0.008614,0.025842,0.008614,0.025842,0.008614,0.025842,0.008614
16,7464.82,1.03306,1.31276,1.32008,1.07591,0.75046,0.67097,0.75345,0.53569,1.01681,0.98785,1.26588,0.025545,0.008515,0.025545,0.008515,0.025545,0.008515,0.025545,0.008515
17,7939.1,1.01699,1.29393,1.30962,1.06354,0.77031,0.67534,0.76022,0.54056,1.01191,0.96912,1.26584,0.025248,0.008416,0.025248,0.008416,0.025248,0.008416,0.025248,0.008416
18,8428.58,1.01625,1.2753,1.30624,1.0562,0.7569,0.68297,0.75833,0.54154,1.01011,0.96084,1.25837,0.024951,0.008317,0.024951,0.008317,0.024951,0.008317,0.024951,0.008317
19,8912.74,1.00748,1.26819,1.30305,1.04356,0.75421,0.69107,0.76185,0.54745,0.9962,0.954,1.25121,0.024654,0.008218,0.024654,0.008218,0.024654,0.008218,0.024654,0.008218
20,9578.86,1.00366,1.24751,1.2973,1.03097,0.7669,0.69794,0.77577,0.56127,0.98339,0.93283,1.23041,0.024357,0.008119,0.024357,0.008119,0.024357,0.008119,0.024357,0.008119
21,10073.9,0.9996,1.23514,1.2943,1.02396,0.77093,0.70037,0.77993,0.56002,0.9833,0.92097,1.23687,0.02406,0.00802,0.02406,0.00802,0.02406,0.00802,0.02406,0.00802
22,10533.4,0.98835,1.21892,1.28562,1.016,0.7625,0.70271,0.77837,0.56072,0.98501,0.91745,1.23881,0.023763,0.007921,0.023763,0.007921,0.023763,0.007921,0.023763,0.007921
23,11001.7,0.98776,1.21206,1.28449,1.00659,0.78762,0.71028,0.79202,0.57395,0.97284,0.89243,1.22407,0.023466,0.007822,0.023466,0.007822,0.023466,0.007822,0.023466,0.007822
24,11453.8,0.98922,1.19505,1.28217,1.00174,0.78106,0.71306,0.79185,0.57804,0.97014,0.89016,1.22108,0.023169,0.007723,0.023169,0.007723,0.023169,0.007723,0.023169,0.007723
25,11916,0.97295,1.17939,1.27435,0.99373,0.77728,0.72122,0.80019,0.58191,0.96597,0.88229,1.21889,0.022872,0.007624,0.022872,0.007624,0.022872,0.007624,0.022872,0.007624
26,12368.9,0.97223,1.17431,1.27337,0.98393,0.79551,0.70934,0.79453,0.58135,0.95617,0.88595,1.21503,0.022575,0.007525,0.022575,0.007525,0.022575,0.007525,0.022575,0.007525
27,12814.9,0.9663,1.16133,1.27195,0.98135,0.79352,0.71907,0.79888,0.58573,0.95392,0.87204,1.20895,0.022278,0.007426,0.022278,0.007426,0.022278,0.007426,0.022278,0.007426
28,13274.4,0.96871,1.16104,1.26925,0.97623,0.79779,0.71826,0.80378,0.59091,0.95151,0.86009,1.20461,0.021981,0.007327,0.021981,0.007327,0.021981,0.007327,0.021981,0.007327
29,13747,0.96095,1.15301,1.2662,0.97097,0.79497,0.72255,0.80451,0.59092,0.95056,0.85781,1.20211,0.021684,0.007228,0.021684,0.007228,0.021684,0.007228,0.021684,0.007228
30,14216.7,0.95963,1.13898,1.26194,0.96685,0.7951,0.72637,0.80701,0.5945,0.94511,0.84769,1.2006,0.021387,0.007129,0.021387,0.007129,0.021387,0.007129,0.021387,0.007129
31,14674.6,0.95604,1.13447,1.25976,0.9588,0.79606,0.73016,0.80849,0.59541,0.94459,0.83787,1.19828,0.02109,0.00703,0.02109,0.00703,0.02109,0.00703,0.02109,0.00703
32,15165.2,0.9539,1.1327,1.26087,0.95703,0.80375,0.73277,0.80946,0.59751,0.93648,0.83396,1.19328,0.020793,0.006931,0.020793,0.006931,0.020793,0.006931,0.020793,0.006931
33,15639.4,0.95412,1.11927,1.25648,0.94918,0.78784,0.74548,0.81305,0.60319,0.93732,0.82802,1.193,0.020496,0.006832,0.020496,0.006832,0.020496,0.006832,0.020496,0.006832
34,16090.1,0.94347,1.1052,1.24987,0.94293,0.80973,0.72662,0.81382,0.60212,0.93408,0.82774,1.1929,0.020199,0.006733,0.020199,0.006733,0.020199,0.006733,0.020199,0.006733
35,16699.7,0.94089,1.10192,1.24877,0.94262,0.80308,0.73468,0.81501,0.60289,0.93188,0.82451,1.19082,0.019902,0.006634,0.019902,0.006634,0.019902,0.006634,0.019902,0.006634
36,17468.8,0.94288,1.09723,1.24992,0.93935,0.80141,0.74237,0.81865,0.6057,0.93117,0.81658,1.19115,0.019605,0.006535,0.019605,0.006535,0.019605,0.006535,0.019605,0.006535
37,18213.5,0.93219,1.08527,1.24336,0.92855,0.80371,0.73907,0.81754,0.6069,0.92767,0.81587,1.18807,0.019308,0.006436,0.019308,0.006436,0.019308,0.006436,0.019308,0.006436
38,18951.7,0.9303,1.07916,1.24248,0.93139,0.80214,0.74658,0.81942,0.60944,0.92596,0.81149,1.18679,0.019011,0.006337,0.019011,0.006337,0.019011,0.006337,0.019011,0.006337
39,19709.4,0.92759,1.08206,1.24107,0.92628,0.79393,0.74443,0.81869,0.6115,0.92537,0.80674,1.18636,0.018714,0.006238,0.018714,0.006238,0.018714,0.006238,0.018714,0.006238
40,20468.9,0.92801,1.06319,1.23642,0.92222,0.80522,0.73334,0.81923,0.61325,0.92234,0.80259,1.18337,0.018417,0.006139,0.018417,0.006139,0.018417,0.006139,0.018417,0.006139
41,21228.1,0.92781,1.06946,1.23659,0.91763,0.8025,0.73888,0.81891,0.61146,0.92182,0.80315,1.18379,0.01812,0.00604,0.01812,0.00604,0.01812,0.00604,0.01812,0.00604
42,21976.9,0.91942,1.05144,1.2328,0.91359,0.81775,0.72979,0.82245,0.61558,0.91819,0.79735,1.17989,0.017823,0.005941,0.017823,0.005941,0.017823,0.005941,0.017823,0.005941
43,22735.2,0.91402,1.04238,1.22593,0.90572,0.80429,0.7461,0.82363,0.61672,0.91727,0.79201,1.17937,0.017526,0.005842,0.017526,0.005842,0.017526,0.005842,0.017526,0.005842
44,23490.5,0.91164,1.0381,1.22775,0.90562,0.80867,0.74602,0.82441,0.61703,0.91542,0.7891,1.17764,0.017229,0.005743,0.017229,0.005743,0.017229,0.005743,0.017229,0.005743
45,24248.8,0.91183,1.03521,1.22756,0.90158,0.81811,0.73826,0.82562,0.61687,0.91597,0.78857,1.17735,0.016932,0.005644,0.016932,0.005644,0.016932,0.005644,0.016932,0.005644
46,24999.6,0.91603,1.03605,1.23116,0.90125,0.81376,0.74163,0.8265,0.61769,0.91515,0.78771,1.17642,0.016635,0.005545,0.016635,0.005545,0.016635,0.005545,0.016635,0.005545
47,25752,0.90999,1.02513,1.22407,0.8975,0.81909,0.7411,0.82732,0.61922,0.91325,0.78312,1.17526,0.016338,0.005446,0.016338,0.005446,0.016338,0.005446,0.016338,0.005446
48,26504.3,0.90705,1.01754,1.22044,0.89632,0.81579,0.74789,0.82809,0.62009,0.91287,0.78149,1.17511,0.016041,0.005347,0.016041,0.005347,0.016041,0.005347,0.016041,0.005347
49,27262.1,0.90233,1.01427,1.21953,0.88818,0.80672,0.75481,0.82843,0.62152,0.91075,0.7798,1.17391,0.015744,0.005248,0.015744,0.005248,0.015744,0.005248,0.015744,0.005248
50,28025.2,0.90209,1.00896,1.21808,0.88983,0.80954,0.75277,0.82898,0.6227,0.90955,0.77825,1.17302,0.015447,0.005149,0.015447,0.005149,0.015447,0.005149,0.015447,0.005149
51,28781.5,0.8951,0.99967,1.21287,0.88561,0.81189,0.74937,0.82936,0.62368,0.9089,0.77653,1.17219,0.01515,0.00505,0.01515,0.00505,0.01515,0.00505,0.01515,0.00505
52,29540.7,0.89347,0.9918,1.21322,0.88357,0.80808,0.75576,0.83077,0.62415,0.90898,0.77364,1.173,0.014853,0.004951,0.014853,0.004951,0.014853,0.004951,0.014853,0.004951
53,30300.3,0.88881,0.99222,1.21102,0.87912,0.81383,0.75116,0.83097,0.62497,0.90754,0.77193,1.17237,0.014556,0.004852,0.014556,0.004852,0.014556,0.004852,0.014556,0.004852
54,31058.3,0.88815,0.98966,1.20866,0.87598,0.81779,0.74865,0.83115,0.62554,0.90675,0.77021,1.17171,0.014259,0.004753,0.014259,0.004753,0.014259,0.004753,0.014259,0.004753
55,31814.3,0.88919,0.98375,1.209,0.87242,0.8169,0.74954,0.83103,0.62593,0.9058,0.76879,1.17097,0.013962,0.004654,0.013962,0.004654,0.013962,0.004654,0.013962,0.004654
56,32572.2,0.88566,0.98036,1.20809,0.86933,0.81643,0.74976,0.83112,0.62694,0.90527,0.7681,1.17054,0.013665,0.004555,0.013665,0.004555,0.013665,0.004555,0.013665,0.004555
57,33333.9,0.88086,0.96485,1.20315,0.86523,0.81397,0.75073,0.83195,0.62714,0.9053,0.76681,1.17017,0.013368,0.004456,0.013368,0.004456,0.013368,0.004456,0.013368,0.004456
58,34093.9,0.88018,0.97144,1.20591,0.86308,0.80746,0.75703,0.83244,0.62829,0.90472,0.76644,1.16931,0.013071,0.004357,0.013071,0.004357,0.013071,0.004357,0.013071,0.004357
59,34849.4,0.87146,0.95909,1.19909,0.85881,0.8125,0.75337,0.83281,0.62872,0.90455,0.76507,1.16954,0.012774,0.004258,0.012774,0.004258,0.012774,0.004258,0.012774,0.004258
60,35592.4,0.87582,0.95623,1.19931,0.85933,0.81089,0.75303,0.83303,0.62897,0.90396,0.76422,1.16906,0.012477,0.004159,0.012477,0.004159,0.012477,0.004159,0.012477,0.004159
61,36340.2,0.87247,0.95536,1.19809,0.85487,0.80856,0.75659,0.83339,0.62942,0.90316,0.76392,1.16866,0.01218,0.00406,0.01218,0.00406,0.01218,0.00406,0.01218,0.00406
62,36998.2,0.87443,0.95136,1.19837,0.85195,0.80677,0.75797,0.83324,0.62975,0.90262,0.76349,1.16848,0.011883,0.003961,0.011883,0.003961,0.011883,0.003961,0.011883,0.003961
63,37372,0.86849,0.94172,1.19863,0.84848,0.80918,0.75603,0.83351,0.63002,0.90223,0.76233,1.16834,0.011586,0.003862,0.011586,0.003862,0.011586,0.003862,0.011586,0.003862
64,37700.7,0.86387,0.9381,1.19409,0.84633,0.80425,0.75995,0.8336,0.63054,0.90156,0.76155,1.16794,0.011289,0.003763,0.011289,0.003763,0.011289,0.003763,0.011289,0.003763
65,38250.3,0.85935,0.93014,1.19046,0.84124,0.80785,0.75935,0.83381,0.63048,0.90109,0.76039,1.16739,0.010992,0.003664,0.010992,0.003664,0.010992,0.003664,0.010992,0.003664
66,38729.2,0.85611,0.9282,1.18768,0.83723,0.80968,0.75879,0.83385,0.63045,0.90076,0.75964,1.1671,0.010695,0.003565,0.010695,0.003565,0.010695,0.003565,0.010695,0.003565
67,39193.5,0.86041,0.92213,1.18771,0.8365,0.81081,0.75715,0.83411,0.63074,0.90059,0.75884,1.1669,0.010398,0.003466,0.010398,0.003466,0.010398,0.003466,0.010398,0.003466
68,39679.7,0.85796,0.92125,1.18732,0.83196,0.81034,0.75768,0.834,0.63101,0.90037,0.75819,1.16664,0.010101,0.003367,0.010101,0.003367,0.010101,0.003367,0.010101,0.003367
69,40222.2,0.85572,0.91101,1.1851,0.82775,0.81167,0.75708,0.834,0.63091,0.9006,0.75796,1.16673,0.009804,0.003268,0.009804,0.003268,0.009804,0.003268,0.009804,0.003268
70,40792.1,0.84887,0.90719,1.17906,0.82592,0.80953,0.75835,0.83416,0.63126,0.90051,0.75728,1.16627,0.009507,0.003169,0.009507,0.003169,0.009507,0.003169,0.009507,0.003169
71,41619,0.84939,0.90428,1.18075,0.82473,0.80926,0.75945,0.83431,0.6314,0.90058,0.7569,1.16626,0.00921,0.00307,0.00921,0.00307,0.00921,0.00307,0.00921,0.00307
72,42151.7,0.84617,0.89866,1.18089,0.82117,0.81042,0.75858,0.8345,0.63173,0.90056,0.75631,1.16616,0.008913,0.002971,0.008913,0.002971,0.008913,0.002971,0.008913,0.002971
73,42687.6,0.84422,0.89209,1.17599,0.81814,0.80881,0.76025,0.83495,0.63187,0.90041,0.75553,1.16593,0.008616,0.002872,0.008616,0.002872,0.008616,0.002872,0.008616,0.002872
74,43294.5,0.84647,0.89752,1.17789,0.8181,0.81305,0.75629,0.83492,0.63189,0.90013,0.75489,1.16559,0.008319,0.002773,0.008319,0.002773,0.008319,0.002773,0.008319,0.002773
75,43850.9,0.83876,0.88454,1.17304,0.81532,0.81142,0.75929,0.83472,0.63198,0.90004,0.75425,1.16543,0.008022,0.002674,0.008022,0.002674,0.008022,0.002674,0.008022,0.002674
76,44366,0.8328,0.88149,1.17206,0.81211,0.80724,0.76401,0.83444,0.63216,0.89986,0.75376,1.16519,0.007725,0.002575,0.007725,0.002575,0.007725,0.002575,0.007725,0.002575
77,44805.5,0.83428,0.877,1.17212,0.81358,0.8082,0.76314,0.83479,0.63219,0.9,0.7534,1.16527,0.007428,0.002476,0.007428,0.002476,0.007428,0.002476,0.007428,0.002476
78,45240.1,0.83093,0.86935,1.16823,0.80709,0.81177,0.75971,0.83485,0.6324,0.90022,0.75275,1.16531,0.007131,0.002377,0.007131,0.002377,0.007131,0.002377,0.007131,0.002377
79,45696.5,0.82981,0.86662,1.16685,0.80307,0.80953,0.76264,0.8352,0.63227,0.90031,0.75219,1.1654,0.006834,0.002278,0.006834,0.002278,0.006834,0.002278,0.006834,0.002278
80,46151.9,0.83048,0.86344,1.16816,0.80017,0.81323,0.75962,0.83518,0.63238,0.90025,0.75152,1.16535,0.006537,0.002179,0.006537,0.002179,0.006537,0.002179,0.006537,0.002179
81,46593.2,0.8201,0.85275,1.16314,0.801,0.81268,0.75984,0.83494,0.63236,0.90046,0.75098,1.16551,0.00624,0.00208,0.00624,0.00208,0.00624,0.00208,0.00624,0.00208
82,47028.1,0.82192,0.85447,1.16451,0.79612,0.81509,0.75755,0.83508,0.63241,0.90027,0.75069,1.16544,0.005943,0.001981,0.005943,0.001981,0.005943,0.001981,0.005943,0.001981
83,47465.8,0.82118,0.84799,1.16217,0.79499,0.81356,0.75788,0.83505,0.63251,0.90019,0.75004,1.16523,0.005646,0.001882,0.005646,0.001882,0.005646,0.001882,0.005646,0.001882
84,47897.6,0.8186,0.8432,1.16026,0.78922,0.81575,0.75707,0.83506,0.63238,0.90028,0.74977,1.1653,0.005349,0.001783,0.005349,0.001783,0.005349,0.001783,0.005349,0.001783
85,48337.1,0.8117,0.84261,1.158,0.78854,0.82014,0.75329,0.83522,0.63262,0.90014,0.74927,1.16523,0.005052,0.001684,0.005052,0.001684,0.005052,0.001684,0.005052,0.001684
86,48775,0.80973,0.83558,1.15558,0.78899,0.81888,0.75389,0.83528,0.63271,0.9002,0.74904,1.16518,0.004755,0.001585,0.004755,0.001585,0.004755,0.001585,0.004755,0.001585
87,49315.5,0.80947,0.82886,1.15494,0.78222,0.81989,0.75294,0.83542,0.63285,0.9002,0.74853,1.16514,0.004458,0.001486,0.004458,0.001486,0.004458,0.001486,0.004458,0.001486
88,49872.3,0.80737,0.8243,1.15117,0.78315,0.81855,0.75377,0.83538,0.63285,0.90002,0.74808,1.1649,0.004161,0.001387,0.004161,0.001387,0.004161,0.001387,0.004161,0.001387
89,50418.8,0.79971,0.81497,1.14868,0.77718,0.82245,0.7519,0.83548,0.633,0.89992,0.74764,1.16484,0.003864,0.001288,0.003864,0.001288,0.003864,0.001288,0.003864,0.001288
90,50925.1,0.80158,0.81306,1.14938,0.76948,0.82133,0.75341,0.83563,0.63327,0.89993,0.74732,1.16485,0.003567,0.001189,0.003567,0.001189,0.003567,0.001189,0.003567,0.001189
91,51378.3,0.75289,0.64452,1.10987,1.41105,0.82094,0.75313,0.83571,0.6332,0.89987,0.74658,1.16469,0.00327,0.00109,0.00327,0.00109,0.00327,0.00109,0.00327,0.00109
92,52049,0.73762,0.62408,1.0991,1.26584,0.8222,0.75338,0.83593,0.63316,0.89971,0.746,1.16459,0.002973,0.000991,0.002973,0.000991,0.002973,0.000991,0.002973,0.000991
93,52709,0.73212,0.61543,1.09406,1.23337,0.82445,0.7514,0.83554,0.6332,0.89958,0.74539,1.16466,0.002676,0.000892,0.002676,0.000892,0.002676,0.000892,0.002676,0.000892
94,53365.3,0.72636,0.60812,1.09045,1.18434,0.82337,0.75398,0.83585,0.63348,0.8995,0.74506,1.16462,0.002379,0.000793,0.002379,0.000793,0.002379,0.000793,0.002379,0.000793
95,54021.8,0.72195,0.59802,1.08692,1.16265,0.8207,0.75634,0.83585,0.63366,0.89929,0.74469,1.1644,0.002082,0.000694,0.002082,0.000694,0.002082,0.000694,0.002082,0.000694
96,54688.8,0.72043,0.5955,1.08761,1.1391,0.82297,0.75572,0.83587,0.63376,0.89921,0.74416,1.16442,0.001785,0.000595,0.001785,0.000595,0.001785,0.000595,0.001785,0.000595
97,55218.3,0.71345,0.58455,1.08109,1.12491,0.8236,0.75614,0.83603,0.63387,0.89905,0.74394,1.16434,0.001488,0.000496,0.001488,0.000496,0.001488,0.000496,0.001488,0.000496
98,55680.9,0.71249,0.58314,1.0801,1.0954,0.82309,0.75664,0.83626,0.63408,0.89911,0.74365,1.16438,0.001191,0.000397,0.001191,0.000397,0.001191,0.000397,0.001191,0.000397
99,56130.5,0.70496,0.57697,1.07683,1.07835,0.8243,0.75572,0.83626,0.63412,0.89901,0.74311,1.16435,0.000894,0.000298,0.000894,0.000298,0.000894,0.000298,0.000894,0.000298
100,56566.5,0.70397,0.56863,1.07328,1.08779,0.82354,0.75679,0.83623,0.63423,0.8991,0.74281,1.16444,0.000597,0.000199,0.000597,0.000199,0.000597,0.000199,0.000597,0.000199
