image,point,branch,scale,mask,cells,gt_area_frac,mask_max,wc_max,wc_max_ratio,participation,top1pct_mass,frac_below_0_1,gt_mass
000001,model.22.cv2.0.1,box,P3,amse_ws(T=1.0),6400,0.6703125,3.983264446258545,2.8561441898345947,0.04462725296616554,0.935216,0.02884,0.0,0.663002
000001,model.22.cv2.0.1,box,P3,qmse_iou,6400,0.6703125,20.81343650817871,,,0.339617,0.143179,0.315469,0.994451
000001,model.22.cv2.1.1,box,P4,amse_ws(T=1.0),1600,0.6825,2.6000101566314697,4.180759429931641,0.06532436609268188,0.924624,0.023751,0.0,0.793746
000001,model.22.cv2.1.1,box,P4,qmse_iou,1600,0.6825,9.855756759643555,,,0.446756,0.088009,0.30125,0.994465
000001,model.22.cv2.2.1,box,P5,amse_ws(T=1.0),400,0.7,15.631301879882812,14.943193435668945,0.23348739743232727,0.524705,0.122512,0.0,0.908424
000001,model.22.cv2.2.1,box,P5,qmse_iou,400,0.7,3.6495792865753174,,,0.623452,0.036373,0.18,0.969363
000001,model.22.cv3.0.1,cls,P3,amse_ws(T=1.0),6400,0.6703125,3.310898780822754,50.594329833984375,0.39526820182800293,0.976232,0.022766,0.0,0.693798
000001,model.22.cv3.0.1,cls,P3,qmse_score,6400,0.6703125,283.84979248046875,,,0.029663,0.750645,0.57625,0.931377
000001,model.22.cv3.1.1,cls,P4,amse_ws(T=1.0),1600,0.6825,4.918396472930908,75.42278289794922,0.5892404913902283,0.94881,0.034012,0.0,0.734911
000001,model.22.cv3.1.1,cls,P4,qmse_score,1600,0.6825,229.0113067626953,,,0.022672,0.762674,0.840625,0.996581
000001,model.22.cv3.2.1,cls,P5,amse_ws(T=1.0),400,0.7,4.261864185333252,103.31414031982422,0.8071417212486267,0.834277,0.04043,0.0,0.807234
000001,model.22.cv3.2.1,cls,P5,qmse_score,400,0.7,39.64130401611328,,,0.036817,0.380724,0.89,0.999895
000002,model.22.cv2.0.1,box,P3,amse_ws(T=1.0),6400,0.0275,8.938776016235352,2.8955540657043457,0.0452430322766304,0.916567,0.036073,0.0,0.04974
000002,model.22.cv2.0.1,box,P3,qmse_iou,6400,0.0275,132.24769592285156,,,0.027681,0.586046,0.955,0.815637
000002,model.22.cv2.1.1,box,P4,amse_ws(T=1.0),1600,0.025,4.429468154907227,2.142660140991211,0.03347906470298767,0.93003,0.037087,0.0,0.066358
000002,model.22.cv2.1.1,box,P4,qmse_iou,1600,0.025,29.247127532958984,,,0.066633,0.288679,0.881875,0.61576
000002,model.22.cv2.2.1,box,P5,amse_ws(T=1.0),400,0.03,2.362744092941284,2.5707004070281982,0.0401671938598156,0.964406,0.022268,0.0,0.055471
000002,model.22.cv2.2.1,box,P5,qmse_iou,400,0.03,19.032278060913086,,,0.200048,0.168851,0.68,0.364082
000002,model.22.cv3.0.1,cls,P3,amse_ws(T=1.0),6400,0.0275,7.030386447906494,37.529327392578125,0.2931978702545166,0.934707,0.035064,0.0,0.044356
000002,model.22.cv3.0.1,cls,P3,qmse_score,6400,0.0275,1394.03271484375,,,0.005865,0.907426,0.912969,0.649592
000002,model.22.cv3.1.1,cls,P4,amse_ws(T=1.0),1600,0.025,31.297019958496094,76.72388458251953,0.5994053483009338,0.563233,0.207828,0.0,0.279546
000002,model.22.cv3.1.1,cls,P4,qmse_score,1600,0.025,164.1301727294922,,,0.006484,0.997676,0.985625,0.995518
000002,model.22.cv3.2.1,cls,P5,amse_ws(T=1.0),400,0.03,2.139662742614746,109.20714569091797,0.8531808257102966,0.976261,0.020737,0.0,0.044505
000002,model.22.cv3.2.1,cls,P5,qmse_score,400,0.03,34.86790084838867,,,0.355642,0.198159,0.0,0.194235
000003,model.22.cv2.0.1,box,P3,amse_ws(T=1.0),6400,0.026875,4.741440296173096,2.940781354904175,0.04594970867037773,0.927528,0.031874,0.0,0.050282
000003,model.22.cv2.0.1,box,P3,qmse_iou,6400,0.026875,72.68665313720703,,,0.048563,0.426907,0.919375,0.671119
000003,model.22.cv2.1.1,box,P4,amse_ws(T=1.0),1600,0.03,3.692460536956787,2.1085028648376465,0.032945357263088226,0.899735,0.033474,0.0,0.080286
000003,model.22.cv2.1.1,box,P4,qmse_iou,1600,0.03,22.116004943847656,,,0.089997,0.21631,0.855,0.531246
000003,model.22.cv2.2.1,box,P5,amse_ws(T=1.0),400,0.02,2.3728690147399902,1.9949992895126343,0.03117186389863491,0.956378,0.022696,0.0,0.033883
000003,model.22.cv2.2.1,box,P5,qmse_iou,400,0.02,18.751066207885742,,,0.207534,0.153476,0.7025,0.22417
000003,model.22.cv3.0.1,cls,P3,amse_ws(T=1.0),6400,0.026875,7.030978679656982,28.1509952545166,0.21992965042591095,0.90785,0.04451,0.0,0.062971
000003,model.22.cv3.0.1,cls,P3,qmse_score,6400,0.026875,310.3478698730469,,,0.029264,0.693064,0.826406,0.181951
000003,model.22.cv3.1.1,cls,P4,amse_ws(T=1.0),1600,0.03,11.87256908416748,71.25260162353516,0.5566609501838684,0.85474,0.069778,0.0,0.115038
000003,model.22.cv3.1.1,cls,P4,qmse_score,1600,0.03,161.3876953125,,,0.012432,0.89254,0.94,0.937739
000003,model.22.cv3.2.1,cls,P5,amse_ws(T=1.0),400,0.02,1.7982423305511475,103.80773162841797,0.8109979033470154,0.98778,0.017604,0.0,0.023695
000003,model.22.cv3.2.1,cls,P5,qmse_score,400,0.02,24.835256576538086,,,0.258707,0.179993,0.0775,0.165893
000004,model.22.cv2.0.1,box,P3,amse_ws(T=1.0),6400,0.08640625,7.784328460693359,3.59202241897583,0.056125350296497345,0.895527,0.044804,0.0,0.172597
000004,model.22.cv2.0.1,box,P3,qmse_iou,6400,0.08640625,36.578834533691406,,,0.09317,0.291844,0.838594,0.735295
000004,model.22.cv2.1.1,box,P4,amse_ws(T=1.0),1600,0.09,6.712991714477539,2.278822898864746,0.03560660779476166,0.778139,0.051278,0.0,0.289823
000004,model.22.cv2.1.1,box,P4,qmse_iou,1600,0.09,9.650540351867676,,,0.181,0.095514,0.725,0.652273
000004,model.22.cv2.2.1,box,P5,amse_ws(T=1.0),400,0.08,5.094942092895508,3.0636370182037354,0.047869328409433365,0.839627,0.048144,0.0,0.216784
000004,model.22.cv2.2.1,box,P5,qmse_iou,400,0.08,10.074746131896973,,,0.2867,0.100594,0.5175,0.424315
000004,model.22.cv3.0.1,cls,P3,amse_ws(T=1.0),6400,0.08640625,14.35141372680664,30.536672592163086,0.2385677546262741,0.822453,0.082059,0.0,0.20374
000004,model.22.cv3.0.1,cls,P3,qmse_score,6400,0.08640625,267.21612548828125,,,0.007609,0.96974,0.957969,0.714894
000004,model.22.cv3.1.1,cls,P4,amse_ws(T=1.0),1600,0.09,18.45943832397461,91.50555419921875,0.7148871421813965,0.442129,0.134063,0.0,0.491426
000004,model.22.cv3.1.1,cls,P4,qmse_score,1600,0.09,34.791229248046875,,,0.036522,0.340677,0.9525,0.813232
000004,model.22.cv3.2.1,cls,P5,amse_ws(T=1.0),400,0.08,9.050683975219727,99.93336486816406,0.7807294130325317,0.772263,0.08722,0.0,0.251889
000004,model.22.cv3.2.1,cls,P5,qmse_score,400,0.08,65.03209686279297,,,0.017326,0.646865,0.9625,0.998446
000006,model.22.cv2.0.1,box,P3,amse_ws(T=1.0),6400,0.18390625,6.083380222320557,2.3168752193450928,0.036201175302267075,0.855272,0.044512,0.0,0.295598
000006,model.22.cv2.0.1,box,P3,qmse_iou,6400,0.18390625,19.28852081298828,,,0.178649,0.138677,0.739375,0.923993
000006,model.22.cv2.1.1,box,P4,amse_ws(T=1.0),1600,0.176875,5.904389381408691,2.2595884799957275,0.03530606999993324,0.802498,0.042283,0.0,0.375983
000006,model.22.cv2.1.1,box,P4,qmse_iou,1600,0.176875,11.876265525817871,,,0.243426,0.107395,0.62375,0.810179
000006,model.22.cv2.2.1,box,P5,amse_ws(T=1.0),400,0.18,4.963326454162598,1.6221214532852173,0.02534564770758152,0.737564,0.046261,0.0,0.457494
000006,model.22.cv2.2.1,box,P5,qmse_iou,400,0.18,4.176632881164551,,,0.401371,0.041521,0.4125,0.636543
000006,model.22.cv3.0.1,cls,P3,amse_ws(T=1.0),6400,0.18390625,9.179418563842773,37.649574279785156,0.29413729906082153,0.8684,0.054022,0.0,0.30483
000006,model.22.cv3.0.1,cls,P3,qmse_score,6400,0.18390625,423.0166320800781,,,0.006012,0.961428,0.928906,0.512709
000006,model.22.cv3.1.1,cls,P4,amse_ws(T=1.0),1600,0.176875,8.025474548339844,41.92461013793945,0.327536016702652,0.810542,0.060125,0.0,0.363607
000006,model.22.cv3.1.1,cls,P4,qmse_score,1600,0.176875,110.09717559814453,,,0.031742,0.679886,0.86625,0.912116
000006,model.22.cv3.2.1,cls,P5,amse_ws(T=1.0),400,0.18,7.6492533683776855,75.46920776367188,0.5896031856536865,0.660411,0.068133,0.0,0.521871
000006,model.22.cv3.2.1,cls,P5,qmse_score,400,0.18,15.209738731384277,,,0.089402,0.151508,0.8775,0.99762
000008,model.22.cv2.0.1,box,P3,amse_ws(T=1.0),6400,0.1603125,7.3304243087768555,2.0464234352111816,0.03197536617517471,0.822977,0.049777,0.0,0.215544
000008,model.22.cv2.0.1,box,P3,qmse_iou,6400,0.1603125,23.61033821105957,,,0.167233,0.145224,0.76625,0.90092
000008,model.22.cv2.1.1,box,P4,amse_ws(T=1.0),1600,0.16625,4.138907432556152,2.95713472366333,0.04620523005723953,0.829501,0.034908,0.0,0.229695
000008,model.22.cv2.1.1,box,P4,qmse_iou,1600,0.16625,13.605554580688477,,,0.218578,0.120741,0.673125,0.816339
000008,model.22.cv2.2.1,box,P5,amse_ws(T=1.0),400,0.1575,6.0516510009765625,1.9792323112487793,0.030925504863262177,0.743641,0.054478,0.0,0.293093
000008,model.22.cv2.2.1,box,P5,qmse_iou,400,0.1575,6.163329124450684,,,0.341625,0.061365,0.46,0.669343
000008,model.22.cv3.0.1,cls,P3,amse_ws(T=1.0),6400,0.1603125,19.003387451171875,37.42863845825195,0.2924112379550934,0.749608,0.088024,0.0,0.171243
000008,model.22.cv3.0.1,cls,P3,qmse_score,6400,0.1603125,232.98141479492188,,,0.014686,0.825327,0.943125,0.00844
000008,model.22.cv3.1.1,cls,P4,amse_ws(T=1.0),1600,0.16625,13.263023376464844,63.71028518676758,0.4977366030216217,0.629516,0.091494,0.0,0.207229
000008,model.22.cv3.1.1,cls,P4,qmse_score,1600,0.16625,44.49464797973633,,,0.035193,0.4212,0.926875,0.274782
000008,model.22.cv3.2.1,cls,P5,amse_ws(T=1.0),400,0.1575,6.747032642364502,78.55300903320312,0.6136953830718994,0.69879,0.064961,0.0,0.302132
000008,model.22.cv3.2.1,cls,P5,qmse_score,400,0.1575,18.359689712524414,,,0.086505,0.181696,0.845,0.473943
000010,model.22.cv2.0.1,box,P3,amse_ws(T=1.0),6400,0.2525,3.95121169090271,2.351332187652588,0.036739565432071686,0.926908,0.029173,0.0,0.300586
000010,model.22.cv2.0.1,box,P3,qmse_iou,6400,0.2525,23.78314208984375,,,0.197255,0.160312,0.659844,0.943339
000010,model.22.cv2.1.1,box,P4,amse_ws(T=1.0),1600,0.275,4.91025972366333,1.9538347721099854,0.03052866831421852,0.916303,0.03173,0.0,0.38327
000010,model.22.cv2.1.1,box,P4,qmse_iou,1600,0.275,10.984039306640625,,,0.298328,0.096997,0.536875,0.886166
000010,model.22.cv2.2.1,box,P5,amse_ws(T=1.0),400,0.2575,4.506296157836914,1.8762410879135132,0.029316266998648643,0.760803,0.04249,0.0,0.544606
000010,model.22.cv2.2.1,box,P5,qmse_iou,400,0.2575,4.566272258758545,,,0.465641,0.04464,0.3675,0.696472
000010,model.22.cv3.0.1,cls,P3,amse_ws(T=1.0),6400,0.2525,4.223655700683594,31.97482681274414,0.2498033344745636,0.947448,0.028611,0.0,0.314792
000010,model.22.cv3.0.1,cls,P3,qmse_score,6400,0.2525,681.2413330078125,,,0.010047,0.844181,0.854844,0.880644
000010,model.22.cv3.1.1,cls,P4,amse_ws(T=1.0),1600,0.275,3.2276623249053955,55.92548751831055,0.43691787123680115,0.964508,0.025856,0.0,0.328105
000010,model.22.cv3.1.1,cls,P4,qmse_score,1600,0.275,129.06048583984375,,,0.044236,0.540421,0.835625,0.887948
000010,model.22.cv3.2.1,cls,P5,amse_ws(T=1.0),400,0.2575,7.615373134613037,101.94376373291016,0.7964356541633606,0.720483,0.0637,0.0,0.519449
000010,model.22.cv3.2.1,cls,P5,qmse_score,400,0.2575,20.715681076049805,,,0.063218,0.203699,0.91,0.999924
000011,model.22.cv2.0.1,box,P3,amse_ws(T=1.0),6400,0.21140625,4.2008538246154785,2.714600086212158,0.04241562634706497,0.950115,0.029199,0.0,0.261769
000011,model.22.cv2.0.1,box,P3,qmse_iou,6400,0.21140625,16.85831642150879,,,0.197003,0.127582,0.734531,0.944567
000011,model.22.cv2.1.1,box,P4,amse_ws(T=1.0),1600,0.21,5.452398777008057,2.2126994132995605,0.034573428332805634,0.875118,0.04189,0.0,0.387899
000011,model.22.cv2.1.1,box,P4,qmse_iou,1600,0.21,10.936081886291504,,,0.249469,0.100324,0.6525,0.858154
000011,model.22.cv2.2.1,box,P5,amse_ws(T=1.0),400,0.2,4.5075459480285645,2.822545051574707,0.0441022664308548,0.754969,0.040772,0.0,0.412153
000011,model.22.cv2.2.1,box,P5,qmse_iou,400,0.2,5.5854597091674805,,,0.432343,0.05339,0.4175,0.610497
000011,model.22.cv3.0.1,cls,P3,amse_ws(T=1.0),6400,0.21140625,5.085515022277832,33.50997543334961,0.2617966830730438,0.951768,0.035873,0.0,0.260118
000011,model.22.cv3.0.1,cls,P3,qmse_score,6400,0.21140625,363.51470947265625,,,0.025887,0.770538,0.69875,0.924146
000011,model.22.cv3.1.1,cls,P4,amse_ws(T=1.0),1600,0.21,9.587608337402344,79.01580810546875,0.6173110008239746,0.855733,0.063489,0.0,0.359921
000011,model.22.cv3.1.1,cls,P4,qmse_score,1600,0.21,219.55294799804688,,,0.018469,0.796835,0.928125,0.993815
000011,model.22.cv3.2.1,cls,P5,amse_ws(T=1.0),400,0.2,8.149250984191895,87.89839172363281,0.6867061853408813,0.664381,0.073519,0.0,0.522856
000011,model.22.cv3.2.1,cls,P5,qmse_score,400,0.2,25.4338321685791,,,0.059773,0.252975,0.9125,0.997988
000013,model.22.cv2.0.1,box,P3,amse_ws(T=1.0),6400,0.05390625,2.4799625873565674,2.597262382507324,0.04058222472667694,0.972738,0.02038,0.0,0.058386
000013,model.22.cv2.0.1,box,P3,qmse_iou,6400,0.05390625,41.9548225402832,,,0.064527,0.297427,0.91,0.843588
000013,model.22.cv2.1.1,box,P4,amse_ws(T=1.0),1600,0.0525,5.021627426147461,2.1669721603393555,0.03385894000530243,0.928599,0.040688,0.0,0.129288
000013,model.22.cv2.1.1,box,P4,qmse_iou,1600,0.0525,25.864896774291992,,,0.104049,0.230821,0.824375,0.696938
000013,model.22.cv2.2.1,box,P5,amse_ws(T=1.0),400,0.06,7.625917434692383,1.7260106801986694,0.02696891687810421,0.723071,0.075185,0.0,0.29438
000013,model.22.cv2.2.1,box,P5,qmse_iou,400,0.06,9.927157402038574,,,0.205106,0.09913,0.665,0.546876
000013,model.22.cv3.0.1,cls,P3,amse_ws(T=1.0),6400,0.05390625,3.605916976928711,35.182167053222656,0.274860680103302,0.972029,0.024003,0.0,0.068453
000013,model.22.cv3.0.1,cls,P3,qmse_score,6400,0.05390625,552.8688354492188,,,0.029305,0.690775,0.651094,0.035531
000013,model.22.cv3.1.1,cls,P4,amse_ws(T=1.0),1600,0.0525,14.829126358032227,78.90959930419922,0.6164812445640564,0.906589,0.066814,0.0,0.121745
000013,model.22.cv3.1.1,cls,P4,qmse_score,1600,0.0525,33.930503845214844,,,0.357222,0.182858,0.0175,0.153894
000013,model.22.cv3.2.1,cls,P5,amse_ws(T=1.0),400,0.06,15.50639533996582,85.77225494384766,0.6700957417488098,0.480852,0.142146,0.0,0.447249
000013,model.22.cv3.2.1,cls,P5,qmse_score,400,0.06,40.52187728881836,,,0.025387,0.404126,0.9725,0.999775
000014,model.22.cv2.0.1,box,P3,amse_ws(T=1.0),6400,0.23,6.308633804321289,4.628814220428467,0.0723252221941948,0.905254,0.032648,0.0,0.258495
000014,model.22.cv2.0.1,box,P3,qmse_iou,6400,0.23,41.29351043701172,,,0.13116,0.287958,0.697031,0.896952
000014,model.22.cv2.1.1,box,P4,amse_ws(T=1.0),1600,0.21875,3.9321393966674805,2.536409616470337,0.039631400257349014,0.871535,0.030841,0.0,0.337355
000014,model.22.cv2.1.1,box,P4,qmse_iou,1600,0.21875,9.002530097961426,,,0.296321,0.084493,0.575,0.746405
000014,model.22.cv2.2.1,box,P5,amse_ws(T=1.0),400,0.22,5.68267297744751,4.39085054397583,0.06860703974962234,0.778908,0.047426,0.0,0.424754
000014,model.22.cv2.2.1,box,P5,qmse_iou,400,0.22,4.329808712005615,,,0.442764,0.043148,0.3425,0.65023
000014,model.22.cv3.0.1,cls,P3,amse_ws(T=1.0),6400,0.23,5.177402496337891,21.57962417602539,0.16859081387519836,0.910036,0.032094,0.0,0.274785
000014,model.22.cv3.0.1,cls,P3,qmse_score,6400,0.23,181.59603881835938,,,0.043305,0.554446,0.834375,0.568873
000014,model.22.cv3.1.1,cls,P4,amse_ws(T=1.0),1600,0.21875,12.534801483154297,39.44508361816406,0.30816471576690674,0.787434,0.07859,0.0,0.342133
000014,model.22.cv3.1.1,cls,P4,qmse_score,1600,0.21875,70.93431091308594,,,0.027309,0.59296,0.9275,0.85229
000014,model.22.cv3.2.1,cls,P5,amse_ws(T=1.0),400,0.22,8.365644454956055,84.96954345703125,0.6638245582580566,0.641283,0.078125,0.0,0.505352
000014,model.22.cv3.2.1,cls,P5,qmse_score,400,0.22,22.68317222595215,,,0.068559,0.22508,0.885,0.944024
000015,model.22.cv2.0.1,box,P3,amse_ws(T=1.0),6400,0.24609375,7.9245405197143555,2.4591727256774902,0.038424573838710785,0.907669,0.040129,0.0,0.302334
000015,model.22.cv2.0.1,box,P3,qmse_iou,6400,0.24609375,12.471610069274902,,,0.247634,0.095791,0.6675,0.914095
000015,model.22.cv2.1.1,box,P4,amse_ws(T=1.0),1600,0.25875,3.6841650009155273,1.9881242513656616,0.031064441427588463,0.886942,0.030469,0.0,0.38664
000015,model.22.cv2.1.1,box,P4,qmse_iou,1600,0.25875,13.134360313415527,,,0.301267,0.105342,0.540625,0.861856
000015,model.22.cv2.2.1,box,P5,amse_ws(T=1.0),400,0.2475,8.873344421386719,4.248918533325195,0.06638935208320618,0.672238,0.079491,0.0,0.500456
000015,model.22.cv2.2.1,box,P5,qmse_iou,400,0.2475,5.123744964599609,,,0.453592,0.050902,0.3475,0.685288
000015,model.22.cv3.0.1,cls,P3,amse_ws(T=1.0),6400,0.24609375,5.571495532989502,36.25196838378906,0.28321850299835205,0.92552,0.036943,0.0,0.336114
000015,model.22.cv3.0.1,cls,P3,qmse_score,6400,0.24609375,852.5343627929688,,,0.005254,0.936982,0.913281,0.067503
000015,model.22.cv3.1.1,cls,P4,amse_ws(T=1.0),1600,0.25875,5.916971206665039,48.492191314697266,0.3788452446460724,0.916234,0.040667,0.0,0.361228
000015,model.22.cv3.1.1,cls,P4,qmse_score,1600,0.25875,181.9490966796875,,,0.024046,0.718972,0.863125,0.701868
000015,model.22.cv3.2.1,cls,P5,amse_ws(T=1.0),400,0.2475,16.926939010620117,99.09222412109375,0.7741580009460449,0.413929,0.152484,0.0,0.633399
000015,model.22.cv3.2.1,cls,P5,qmse_score,400,0.2475,41.07419204711914,,,0.02711,0.410317,0.935,0.995544
000018,model.22.cv2.0.1,box,P3,amse_ws(T=1.0),6400,0.57140625,3.2345128059387207,2.1596930027008057,0.03374520316720009,0.957589,0.021249,0.0,0.518425
000018,model.22.cv2.0.1,box,P3,qmse_iou,6400,0.57140625,5.579670429229736,,,0.566339,0.039571,0.35,0.958844
000018,model.22.cv2.1.1,box,P4,amse_ws(T=1.0),1600,0.56875,2.3020834922790527,2.04026460647583,0.031879134476184845,0.963261,0.020502,0.0,0.636962
000018,model.22.cv2.1.1,box,P4,qmse_iou,1600,0.56875,4.950089454650879,,,0.616246,0.040121,0.24125,0.915933
000018,model.22.cv2.2.1,box,P5,amse_ws(T=1.0),400,0.5525,16.089218139648438,9.290351867675781,0.14516174793243408,0.427818,0.13595,0.0,0.867184
000018,model.22.cv2.2.1,box,P5,qmse_iou,400,0.5525,3.6510672569274902,,,0.644769,0.036279,0.025,0.871217
000018,model.22.cv3.0.1,cls,P3,amse_ws(T=1.0),6400,0.57140625,2.455643653869629,37.76154327392578,0.29501205682754517,0.979626,0.020521,0.0,0.58119
000018,model.22.cv3.0.1,cls,P3,qmse_score,6400,0.57140625,101.10525512695312,,,0.224195,0.332888,0.039531,0.517761
000018,model.22.cv3.1.1,cls,P4,amse_ws(T=1.0),1600,0.56875,2.29256272315979,83.91143035888672,0.6555580496788025,0.987928,0.018766,0.0,0.578128
000018,model.22.cv3.1.1,cls,P4,qmse_score,1600,0.56875,82.5344467163086,,,0.2895,0.274782,0.015,0.615645
000018,model.22.cv3.2.1,cls,P5,amse_ws(T=1.0),400,0.5525,12.079167366027832,104.6979751586914,0.8179529309272766,0.522466,0.111177,0.0,0.769843
000018,model.22.cv3.2.1,cls,P5,qmse_score,400,0.5525,45.52019119262695,,,0.023954,0.451552,0.9675,0.99992
000022,model.22.cv2.0.1,box,P3,amse_ws(T=1.0),6400,0.2271875,4.368191719055176,2.9252192974090576,0.045706551522016525,0.96168,0.025618,0.0,0.249827
000022,model.22.cv2.0.1,box,P3,qmse_iou,6400,0.2271875,28.289794921875,,,0.18951,0.173157,0.70125,0.918168
000022,model.22.cv2.1.1,box,P4,amse_ws(T=1.0),1600,0.225625,7.97671365737915,1.961375117301941,0.030646486207842827,0.902769,0.046249,0.0,0.356902
000022,model.22.cv2.1.1,box,P4,qmse_iou,1600,0.225625,14.79198932647705,,,0.25075,0.141319,0.59375,0.859045
000022,model.22.cv2.2.1,box,P5,amse_ws(T=1.0),400,0.255,8.223450660705566,2.111884355545044,0.03299819305539131,0.648739,0.074921,0.0,0.596607
000022,model.22.cv2.2.1,box,P5,qmse_iou,400,0.255,5.010198593139648,,,0.422913,0.049912,0.3575,0.769827
000022,model.22.cv3.0.1,cls,P3,amse_ws(T=1.0),6400,0.2271875,5.127082824707031,35.12233352661133,0.274393230676651,0.9537,0.032166,0.0,0.272369
000022,model.22.cv3.0.1,cls,P3,qmse_score,6400,0.2271875,517.8726196289062,,,0.009183,0.901669,0.914687,0.472575
000022,model.22.cv3.1.1,cls,P4,amse_ws(T=1.0),1600,0.225625,6.582494735717773,59.89213943481445,0.4679073393344879,0.964965,0.033005,0.0,0.262567
000022,model.22.cv3.1.1,cls,P4,qmse_score,1600,0.225625,309.6265563964844,,,0.027017,0.749824,0.55875,0.11958
000022,model.22.cv3.2.1,cls,P5,amse_ws(T=1.0),400,0.255,11.396591186523438,83.16315460205078,0.6497121453285217,0.551482,0.113107,0.0,0.570187
000022,model.22.cv3.2.1,cls,P5,qmse_score,400,0.255,21.247310638427734,,,0.050065,0.211269,0.95,0.999926
000025,model.22.cv2.0.1,box,P3,amse_ws(T=1.0),6400,0.66953125,8.187978744506836,2.782562732696533,0.04347754269838333,0.883606,0.038768,0.0,0.724518
000025,model.22.cv2.0.1,box,P3,qmse_iou,6400,0.66953125,16.34825325012207,,,0.430531,0.100887,0.306875,0.975328
000025,model.22.cv2.1.1,box,P4,amse_ws(T=1.0),1600,0.68125,3.4564950466156006,2.995699644088745,0.04680780693888664,0.884897,0.029386,0.0,0.817584
000025,model.22.cv2.1.1,box,P4,qmse_iou,1600,0.68125,4.922111988067627,,,0.551847,0.048322,0.265,0.969437
000025,model.22.cv2.2.1,box,P5,amse_ws(T=1.0),400,0.6325,5.300142765045166,2.8466684818267822,0.04447919502854347,0.724318,0.051515,0.0,0.86883
000025,model.22.cv2.2.1,box,P5,qmse_iou,400,0.6325,2.378546714782715,,,0.709849,0.023758,0.1175,0.898981
000025,model.22.cv3.0.1,cls,P3,amse_ws(T=1.0),6400,0.66953125,9.900757789611816,19.61562728881836,0.15324708819389343,0.874157,0.054082,0.0,0.725855
000025,model.22.cv3.0.1,cls,P3,qmse_score,6400,0.66953125,376.3957214355469,,,0.016064,0.796739,0.857031,0.777568
000025,model.22.cv3.1.1,cls,P4,amse_ws(T=1.0),1600,0.68125,15.629151344299316,21.916297912597656,0.1712210774421692,0.740147,0.104325,0.0,0.788067
000025,model.22.cv3.1.1,cls,P4,qmse_score,1600,0.68125,39.8411979675293,,,0.049725,0.340081,0.8775,0.985151
000025,model.22.cv3.2.1,cls,P5,amse_ws(T=1.0),400,0.6325,5.541223049163818,48.61101531982422,0.3797735571861267,0.682236,0.053279,0.0,0.820816
000025,model.22.cv3.2.1,cls,P5,qmse_score,400,0.6325,9.02822494506836,,,0.18054,0.089507,0.755,0.999685
000027,model.22.cv2.0.1,box,P3,amse_ws(T=1.0),6400,0.175,4.949793815612793,4.102496147155762,0.06410150229930878,0.896265,0.039187,0.0,0.152027
000027,model.22.cv2.0.1,box,P3,qmse_iou,6400,0.175,13.712728500366211,,,0.20724,0.100624,0.74125,0.866916
000027,model.22.cv2.1.1,box,P4,amse_ws(T=1.0),1600,0.175,4.655281066894531,2.3138039112091064,0.03615318611264229,0.898425,0.0391,0.0,0.160261
000027,model.22.cv2.1.1,box,P4,qmse_iou,1600,0.175,9.83530044555664,,,0.28312,0.080936,0.619375,0.768695
000027,model.22.cv2.2.1,box,P5,amse_ws(T=1.0),400,0.175,6.561728000640869,2.001777410507202,0.031277772039175034,0.765432,0.064608,0.0,0.337705
000027,model.22.cv2.2.1,box,P5,qmse_iou,400,0.175,6.016486167907715,,,0.394066,0.059588,0.39,0.653305
000027,model.22.cv3.0.1,cls,P3,amse_ws(T=1.0),6400,0.175,4.0376715660095215,33.14105987548828,0.2589145302772522,0.96461,0.028466,0.0,0.219699
000027,model.22.cv3.0.1,cls,P3,qmse_score,6400,0.175,145.28204345703125,,,0.114274,0.471586,0.278281,0.203571
000027,model.22.cv3.1.1,cls,P4,amse_ws(T=1.0),1600,0.175,3.249453067779541,88.49006652832031,0.6913286447525024,0.984422,0.025011,0.0,0.178931
000027,model.22.cv3.1.1,cls,P4,qmse_score,1600,0.175,185.14817810058594,,,0.092069,0.517017,0.260625,0.117071
000027,model.22.cv3.2.1,cls,P5,amse_ws(T=1.0),400,0.175,3.8632407188415527,108.55502319335938,0.8480861186981201,0.943882,0.031456,0.0,0.239935
000027,model.22.cv3.2.1,cls,P5,qmse_score,400,0.175,40.59790802001953,,,0.025152,0.405134,0.975,0.999398
000028,model.22.cv2.0.1,box,P3,amse_ws(T=1.0),6400,0.6015625,5.480718612670898,3.1712839603424072,0.04955131188035011,0.898165,0.031596,0.0,0.543866
000028,model.22.cv2.0.1,box,P3,qmse_iou,6400,0.6015625,3.624213218688965,,,0.603339,0.030427,0.3275,0.962599
000028,model.22.cv2.1.1,box,P4,amse_ws(T=1.0),1600,0.609375,3.5688459873199463,10.690905570983887,0.16704539954662323,0.887218,0.030161,0.0,0.650232
000028,model.22.cv2.1.1,box,P4,qmse_iou,1600,0.609375,3.6054413318634033,,,0.602251,0.034378,0.278125,0.960569
000028,model.22.cv2.2.1,box,P5,amse_ws(T=1.0),400,0.57,5.229133605957031,18.29733657836914,0.2858958840370178,0.704598,0.048769,0.0,0.777206
000028,model.22.cv2.2.1,box,P5,qmse_iou,400,0.57,2.9625933170318604,,,0.65039,0.027477,0.165,0.896574
000028,model.22.cv3.0.1,cls,P3,amse_ws(T=1.0),6400,0.6015625,2.952404499053955,33.36250305175781,0.2606445550918579,0.976543,0.021616,0.0,0.591486
000028,model.22.cv3.0.1,cls,P3,qmse_score,6400,0.6015625,234.037841796875,,,0.050673,0.569594,0.758437,0.228938
000028,model.22.cv3.1.1,cls,P4,amse_ws(T=1.0),1600,0.609375,2.760565757751465,46.18418502807617,0.3608139455318451,0.95153,0.025259,0.0,0.613033
000028,model.22.cv3.1.1,cls,P4,qmse_score,1600,0.609375,63.13032531738281,,,0.086055,0.379597,0.753125,0.537519
000028,model.22.cv3.2.1,cls,P5,amse_ws(T=1.0),400,0.57,7.853714466094971,85.63211059570312,0.6690008640289307,0.700687,0.071879,0.0,0.727113
000028,model.22.cv3.2.1,cls,P5,qmse_score,400,0.57,29.750198364257812,,,0.074629,0.292035,0.7425,0.935287
